id,name,category,n,m,anf_degree,degree_normalized,diffusion,diffusion_normalized,dependency_density,confusion,confusion_normalized,confusion_variables,average_avalanche,sac_error,sac_max_error,sac_score
identity,Identity,toy,3,3,1,0.3333333333333333,1,0.3333333333333333,0.3333333333333333,0,0.0,,0.3333333333333333,0.5,0.5,0.0
linear_mix,Linear Mix,toy,3,3,1,0.3333333333333333,2,0.6666666666666666,0.7777777777777778,1,0.3333333333333333,x1,0.7777777777777778,0.5,0.5,0.0
sample_function,Sample Function,toy,3,3,2,0.6666666666666666,2,0.6666666666666666,0.7777777777777778,1,0.3333333333333333,x1,0.6666666666666666,0.3888888888888889,0.5,0.2222222222222222
quadratic_mix,Quadratic Mix,toy,3,3,2,0.6666666666666666,3,1.0,1.0,3,1.0,x0 x1 x2,0.6666666666666666,0.16666666666666666,0.5,0.6666666666666667
uneven_nonlinear,Uneven Nonlinear,toy,3,3,2,0.6666666666666666,2,0.6666666666666666,0.7777777777777778,1,0.3333333333333333,x0,0.6666666666666666,0.3888888888888889,0.5,0.2222222222222222
cubic_mix,Cubic Mix,toy,3,3,3,1.0,3,1.0,1.0,3,1.0,x0 x1 x2,0.5833333333333334,0.25,0.25,0.5
present_s_box,PRESENT S-box,cryptographic,4,4,3,0.75,4,1.0,1.0,4,1.0,x0 x1 x2 x3,0.625,0.125,0.5,0.75
aes_s_box,AES S-box,cryptographic,8,8,7,0.875,8,1.0,1.0,8,1.0,x0 x1 x2 x3 x4 x5 x6 x7,0.5048828125,0.0263671875,0.0625,0.947265625
sparse_linear_1,Sparse linear 1,synthetic,4,4,1,0.25,1,0.25,0.3125,0,0.0,,0.3125,0.5,0.5,0.0
sparse_linear_2,Sparse linear 2,synthetic,4,4,1,0.25,1,0.25,0.3125,0,0.0,,0.3125,0.5,0.5,0.0
sparse_linear_3,Sparse linear 3,synthetic,4,4,1,0.25,0,0.0,0.3125,0,0.0,,0.3125,0.5,0.5,0.0
sparse_linear_4,Sparse linear 4,synthetic,4,4,1,0.25,0,0.0,0.4375,0,0.0,,0.4375,0.5,0.5,0.0
dense_linear_1,Dense linear 1,synthetic,4,4,1,0.25,2,0.5,0.75,1,0.25,x3,0.75,0.5,0.5,0.0
dense_linear_2,Dense linear 2,synthetic,4,4,1,0.25,1,0.25,0.5625,0,0.0,,0.5625,0.5,0.5,0.0
dense_linear_3,Dense linear 3,synthetic,4,4,1,0.25,2,0.5,0.5625,0,0.0,,0.5625,0.5,0.5,0.0
dense_linear_4,Dense linear 4,synthetic,4,4,1,0.25,1,0.25,0.4375,0,0.0,,0.4375,0.5,0.5,0.0
sparse_quadratic_1,Sparse quadratic 1,synthetic,4,4,1,0.25,1,0.25,0.375,0,0.0,,0.375,0.5,0.5,0.0
sparse_quadratic_2,Sparse quadratic 2,synthetic,4,4,2,0.5,2,0.5,0.5,0,0.0,,0.375,0.375,0.5,0.25
sparse_quadratic_3,Sparse quadratic 3,synthetic,4,4,2,0.5,1,0.25,0.5,0,0.0,,0.28125,0.28125,0.5,0.4375
sparse_quadratic_4,Sparse quadratic 4,synthetic,4,4,2,0.5,2,0.5,0.625,0,0.0,,0.4375,0.3125,0.5,0.375
medium_quadratic_1,Medium quadratic 1,synthetic,4,4,2,0.5,3,0.75,0.9375,3,0.75,x0 x1 x2,0.53125,0.09375,0.5,0.8125
medium_quadratic_2,Medium quadratic 2,synthetic,4,4,2,0.5,3,0.75,0.875,2,0.5,x1 x3,0.5,0.125,0.5,0.75
medium_quadratic_3,Medium quadratic 3,synthetic,4,4,2,0.5,3,0.75,0.9375,3,0.75,x0 x2 x3,0.46875,0.03125,0.5,0.9375
medium_quadratic_4,Medium quadratic 4,synthetic,4,4,2,0.5,3,0.75,0.8125,1,0.25,x0,0.5625,0.25,0.5,0.5
mixed_cubic_1,Mixed cubic 1,synthetic,4,4,3,0.75,3,0.75,0.8125,1,0.25,x2,0.609375,0.328125,0.5,0.34375
mixed_cubic_2,Mixed cubic 2,synthetic,4,4,3,0.75,3,0.75,0.9375,3,0.75,x0 x1 x2,0.421875,0.140625,0.5,0.71875
mixed_cubic_3,Mixed cubic 3,synthetic,4,4,3,0.75,2,0.5,0.75,1,0.25,x2,0.59375,0.34375,0.5,0.3125
mixed_cubic_4,Mixed cubic 4,synthetic,4,4,2,0.5,2,0.5,0.75,1,0.25,x3,0.53125,0.28125,0.5,0.4375
